{"cameraMode":{"drawMode":0,"name":"Shaded","section":"Shading Mode"},"sceneLighting":false,"audioPlay":false,"sceneViewState":{"showFog":true,"showMaterialUpdate":false,"showSkybox":true,"showFlares":true,"showImageEffects":true,"showParticleSystems":true},"in2DMode":false,"pivot":{"x":-8.566324234008789,"y":4.890552520751953,"z":-0.9390449523925781},"rotation":{"x":0.3283657729625702,"y":-0.3208872973918915,"z":0.11964324861764908,"w":0.8803377747535706},"size":2.004962682723999,"orthographic":false}