{"cameraMode":{"drawMode":0,"name":"Shaded","section":"Shading Mode"},"sceneLighting":false,"audioPlay":false,"sceneViewState":{"showFog":true,"showMaterialUpdate":false,"showSkybox":true,"showFlares":true,"showImageEffects":true,"showParticleSystems":true},"in2DMode":false,"pivot":{"x":-0.24332427978515626,"y":2.258258819580078,"z":3.6497955322265627},"rotation":{"x":-0.3730940520763397,"y":0.6227276921272278,"z":-0.4384928047657013,"w":-0.5298652648925781},"size":42.39930725097656,"orthographic":false}